MOD;SEXO;COL;Nº;ATLETA;F. ETÁRIA;COL FAIXA;CAT;COL CAT;EQUIPE;CIDADE;RITMO;TEMPO;T. LÍQUIDO
5K;MAS;1;80;MATHEUS CABRAL SANTOS BRITO;-;-;-;-;;VITORIA DA CONQUISTA;00:04:13;00:21:04;-
5K;MAS;2;254;DANIEL SILVA CAIRES DE CARVALHO;-;-;-;-;BROCADORES DE TRILHAS E NEGRO MALE;BARRA DA ESTIVA;00:04:15;00:21:16;-
5K;MAS;3;250;ALAN MOREIRA ALVES SANTOS;-;-;-;-;TEAM MAURICIO HIBRIDO;VITORIA DA CONQUISTA;00:04:18;00:21:32;-
5K;MAS;4;14;ORONIO NUNES DE OLIVEIRA;-;-;-;-;ORONIO DO SERTAO;BOM JESUS DA SERRA;00:04:20;00:21:41;-
5K;MAS;5;134;JOSE RODRIGUES LIMA;-;-;-;-;;VITORIA DA CONQUISTA;00:04:29;00:22:24;-
5K;MAS;6;144;RODRIGO ALMEIDA;M3039;1;-;-;NEGRO MALE CT LEIDE BARBOSA;VITORIA DA CONQUISTA;00:04:29;00:22:26;-
5K;MAS;7;94;JOAO PAULO COQUEIRO SANTOS;M3039;2;-;-;ITARANTIM RUN;ITARANTIM;00:04:31;00:22:34;-
5K;MAS;8;48;MAURICIO HIBRIDO DE SOUZA OLIVEIRA NOGUEIRA;M4049;1;-;-;;VITORIA DA CONQUISTA;00:04:45;00:23:44;-
5K;MAS;9;35;VIVALDO ANDRADE SANTOS;M3039;3;-;-;;VITORIA DA CONQUISTA;00:04:45;00:23:47;-
5K;MAS;10;74;CARLOS SOUSA DA SILVA;M4049;2;-;-;;VITORIA DA CONQUISTA;00:04:48;00:23:58;-
5K;MAS;11;88;LUCAS SANTOS SOUZA;M3039;4;-;-;TEAM MAURICIO HIBRIDO;VITORIA DA CONQUISTA;00:04:58;00:24:52;-
5K;MAS;12;129;LUCAS RIBEIRO;M2029;1;-;-;TEAM MAURICIO HIBRIDO;VITORIA DA CONQUISTA;00:05:04;00:25:20;-
5K;MAS;13;101;DIEGO FARIAS PALES;M2029;2;-;-;ITARANTIM RUN;ITARANTIM;00:05:07;00:25:37;-
5K;MAS;14;299;FRANCISCO ROBERTO SILVA DE OLIVEIRA JUNIOR;M4049;3;-;-;TEAM ANDRADE;VITORIA DA CONQUISTA;00:05:09;00:25:47;-
5K;MAS;15;274;EMERSON OLIVEIRA DOS SANTOS;M4049;4;-;-;DS TRAINER;VITORIA DA CONQUISTA;00:05:11;00:25:53;-
5K;MAS;16;75;AUGUSTO CEZAR COSTA DA SILVA;M1419;1;-;-;;VITORIA DA CONQUISTA;00:05:18;00:26:28;-
5K;MAS;17;109;FRANCISCO SANTOS SILVA;M2029;3;-;-;;VITORIA DA CONQUISTA;00:05:23;00:26:54;-
5K;MAS;18;91;DAVI COSTA GOMES;M1419;2;-;-;;VITORIA DA CONQUISTA;00:05:25;00:27:04;-
5K;MAS;19;83;JOAO PEDRO SOUZA PEREIRA DOS SANTOS;M1419;3;-;-;;VITORIA DA CONQUISTA;00:05:26;00:27:12;-
5K;MAS;20;224;ARTHUR OLIVEIRA CAIRES;M1419;4;-;-;;VITORIA DA CONQUISTA;00:05:28;00:27:20;-
5K;MAS;21;288;JOSEPH SEIXAS SIQUEIRA;M3039;5;-;-;;VITORIA DA CONQUISTA;00:05:30;00:27:28;-
5K;MAS;22;228;YCARO SANTOS DE OLIVEIRA;M1419;5;-;-;TEAM ANDRADE;VITORIA DA CONQUISTA;00:05:30;00:27:32;-
5K;MAS;23;40;MIGUEL ARCANJO MORAES SOUSA;M5059;1;-;-;;VITORIA DA CONQUISTA;00:05:35;00:27:54;-
5K;MAS;24;31;LUIS ANTONIO CAMILO;M6069;1;-;-;;VITORIA DA CONQUISTA;00:05:35;00:27:55;-
5K;MAS;25;81;WASHINGTON SILVA RODRIGUES;M3039;6;-;-;GMO;VITORIA DA CONQUISTA;00:05:41;00:28:24;-
5K;MAS;26;124;VALDEIR BORGES DA SILVA;M3039;7;-;-;;VITORIA DA CONQUISTA;00:05:44;00:28:39;-
5K;MAS;27;296;MATEUS DIAS OLIVEIRA ALMEIDA;M2029;4;-;-;;VITORIA DA CONQUISTA;00:05:45;00:28:45;-
5K;MAS;28;308;TIAGO FERREIRA LIMA;M4049;5;-;-;;VITORIA DA CONQUISTA;00:05:45;00:28:47;-
5K;MAS;29;146;PATRICK CARVALHO BARBOSA;M3039;8;-;-;;VITORIA DA CONQUISTA;00:05:46;00:28:48;-
5K;MAS;30;73;LEONARDO FIGUEIREDO FERRAZ;M2029;5;-;-;;VITORIA DA CONQUISTA;00:05:47;00:28:55;-
5K;MAS;31;312;JOSE CLAUDIO OLIVEIRA OLIVEIRA;M6069;2;-;-;;VITORIA DA CONQUISTA;00:05:51;00:29:17;-
5K;MAS;32;67;MAICO MARES;M5059;2;-;-;;VITORIA DA CONQUISTA;00:05:52;00:29:21;-
5K;MAS;33;281;EDUARDO SANTOS SILVA;M4049;6;-;-;;VITORIA DA CONQUISTA;00:05:52;00:29:22;-
5K;MAS;34;170;JOAB FERNANDES SANTOS;M3039;9;-;-;;VITORIA DA CONQUISTA;00:05:53;00:29:23;-
5K;MAS;35;126;ANTONIO DE SOUZA MORAES;M6069;3;-;-;CORISCO;VITORIA DA CONQUISTA;00:05:53;00:29:23;-
5K;MAS;36;345;SEBASTIAO SANTOS NASCIMENTO;M3039;10;-;-;CROSS EXPERIENCE;VITORIA DA CONQUISTA;00:05:53;00:29:27;-
5K;MAS;37;92;JOSE CARLOS MOREIRA SOUZA;M5059;3;-;-;;VITORIA DA CONQUISTA;00:05:58;00:29:49;-
5K;MAS;38;220;RENAN SAMPAIO RIOS;M2029;6;-;-;;VITORIA DA CONQUISTA;00:06:04;00:30:20;-
5K;MAS;39;238;WASHINGTON LUIS GUSMAO SOUSA;M5059;4;-;-;;VITORIA DA CONQUISTA;00:06:06;00:30:29;-
5K;MAS;40;147;MARCELO OLIVEIRA SILVA;M5059;5;-;-;BROCADORES DE TRILHAS;VITORIA DA CONQUISTA;00:06:06;00:30:31;-
5K;MAS;41;162;FABRICIO DOS SANTOS DE SOUZA;M2029;7;-;-;;VITORIA DA CONQUISTA;00:06:07;00:30:34;-
5K;MAS;42;128;NICASSIO COUTO;M5059;6;-;-;;VITORIA DA CONQUISTA;00:06:13;00:31:06;-
5K;MAS;43;275;GUILHERME REIS;M1419;6;-;-;;VITORIA DA CONQUISTA;00:06:13;00:31:06;-
5K;MAS;44;54;ERNANDES DE AMORIM MENDONCA;M4049;7;-;-;;VITORIA DA CONQUISTA;00:06:13;00:31:07;-
5K;MAS;45;135;RHAFIK FREIRE MATOS;M2029;8;-;-;;VITORIA DA CONQUISTA;00:06:17;00:31:24;-
5K;MAS;46;127;PEDRO HENRIQUE REIS RIBAS;M1419;7;-;-;;VITORIA DA CONQUISTA;00:06:19;00:31:34;-
5K;MAS;47;117;WILLIAM DOS SANTOS BETONIO;M4049;8;-;-;MAERLON COACH;BOM JESUS DA LAPA;00:06:20;00:31:39;-
5K;MAS;48;2;RAFAEL VINICIUS MEIRA CELINO;M3039;11;-;-;;VITORIA DA CONQUISTA;00:06:20;00:31:40;-
5K;MAS;49;257;JOCIEL XAVIER DE SOUZA;M3039;12;-;-;ASTER COLCHOES;VITORIA DA CONQUISTA;00:06:20;00:31:41;-
5K;MAS;50;229;WESLEY DA PAIXAO SILVA;M3039;13;-;-;;VITORIA DA CONQUISTA;00:06:23;00:31:57;-
5K;MAS;51;287;ANTONIO CARLOS SILVA LUZ SEGUNDO;M4049;9;-;-;;VITORIA DA CONQUISTA;00:06:24;00:32:02;-
5K;MAS;52;236;JEFFERSON TRINDADE ROCHA;M2029;9;-;-;;VITORIA DA CONQUISTA;00:06:25;00:32:06;-
5K;MAS;53;96;PAULO CESAR SIMOES LEITE JUNIOR;M5059;7;-;-;;VITORIA DA CONQUISTA;00:06:25;00:32:07;-
5K;MAS;54;225;GUILHERME CARVALHO SANTOS;M1419;8;-;-;;VITORIA DA CONQUISTA;00:06:32;00:32:40;-
5K;MAS;55;168;MAILSON SOUSA COUTO;M4049;10;-;-;;VITORIA DA CONQUISTA;00:06:33;00:32:45;-
5K;MAS;56;28;WASSIL LANDOALDO SCHETTINI;M6069;4;-;-;;VITORIA DA CONQUISTA;00:06:35;00:32:56;-
5K;MAS;57;335;DANILO PEREIRA LACERDA;M3039;14;-;-;;VITORIA DA CONQUISTA;00:06:37;00:33:06;-
5K;MAS;58;234;VAGNER LINO;M5059;8;-;-;BROCADORES DE TRILHAS;VITORIA DA CONQUISTA;00:06:39;00:33:16;-
5K;MAS;59;227;MAURICIO NEVES DOS SANTO;M5059;9;-;-;BROCADORES DE TRILHAS;VITORIA DA CONQUISTA;00:06:40;00:33:19;-
5K;MAS;60;195;DIEGO MARQUES CARVALHO;M3039;15;-;-;;VITORIA DA CONQUISTA;00:06:40;00:33:22;-
5K;MAS;61;200;GEOVAN PORTELA FREIRE;M4049;11;-;-;;VITORIA DA CONQUISTA;00:06:44;00:33:40;-
5K;MAS;62;49;RAIMUNDO BASTOS;M5059;10;-;-;3V4B;VITORIA DA CONQUISTA;00:06:49;00:34:03;-
5K;MAS;63;173;JULIO CESAR DE OLIVEIRA SELIS;M2029;10;-;-;;BRUMADO;00:06:50;00:34:12;-
5K;MAS;64;206;MATEUS DE OLIVEIRA LIMA;M2029;11;-;-;;VITORIA DA CONQUISTA;00:06:51;00:34:14;-
5K;MAS;65;244;WELLINGTON DAVID LEAL CABRAL;M2029;12;-;-;;VITORIA DA CONQUISTA;00:06:58;00:34:52;-
5K;MAS;66;256;LUIZ GUSTAVO BRAGA GOUVEA;M3039;16;-;-;TEAM ANDRADE;VITORIA DA CONQUISTA;00:07:00;00:35:01;-
5K;MAS;67;50;NARDEL PORTO PEREIRA;M4049;12;-;-;;VITORIA DA CONQUISTA;00:07:01;00:35:07;-
5K;MAS;68;243;AIRES NOGUEIRA SOARES;M6069;5;-;-;;VITORIA DA CONQUISTA;00:07:02;00:35:11;-
5K;MAS;69;110;EVANEI CAIRES LEITE;M4049;13;-;-;;VITORIA DA CONQUISTA;00:07:05;00:35:27;-
5K;MAS;70;111;ALEXANDER FERREIRA PEREIRA;M5059;11;-;-;;VITORIA DA CONQUISTA;00:07:07;00:35:36;-
5K;MAS;71;63;SUED MORAES DESQUIVEL JUNIOR;M4049;14;-;-;;VITORIA DA CONQUISTA;00:07:07;00:35:37;-
5K;MAS;72;271;WHELDER RODRIGUES CAMPOS;M4049;15;-;-;GUARDA MUNICIPAL;VITORIA DA CONQUISTA;00:07:08;00:35:40;-
5K;MAS;73;311;WILLIAN RODRIGUES CHAVES;M4049;16;-;-;;VITORIA DA CONQUISTA;00:07:09;00:35:46;-
5K;MAS;74;84;ANTONIO TRINDADE GUIMARAES;M6069;6;-;-;;VITORIA DA CONQUISTA;00:07:10;00:35:49;-
5K;MAS;75;64;JURACY DE SOUZA LIMA;M6069;7;-;-;;VITORIA DA CONQUISTA;00:07:16;00:36:18;-
5K;MAS;76;286;WILKER FREIRE MARES;M4049;17;-;-;;VITORIA DA CONQUISTA;00:07:16;00:36:18;-
5K;MAS;77;214;GLAUBER GOMES ROCHA;M3039;17;-;-;;VITORIA DA CONQUISTA;00:07:19;00:36:37;-
5K;MAS;78;277;LEONARDO SOUZA LIMA;M3039;18;-;-;;VITORIA DA CONQUISTA;00:07:24;00:36:58;-
5K;MAS;79;251;WELLINGTON CAIRES LEITE;M4049;18;-;-;ASTER COLCHOES;VITORIA DA CONQUISTA;00:07:25;00:37:06;-
5K;MAS;80;115;CLAUDIO RODRIGUES;M5059;12;-;-;;VITORIA DA CONQUISTA;00:07:25;00:37:07;-
5K;MAS;81;175;JOAO EMANUEL OLIVEIRA CAMPOS;M2029;13;-;-;;VITORIA DA CONQUISTA;00:07:38;00:38:08;-
5K;MAS;82;316;JOAO VITOR LAZZARI;M3039;19;-;-;;VITORIA DA CONQUISTA;00:07:45;00:38:44;-
5K;MAS;83;98;LUCAS OLIVEIRA DE CARVALHO;M2029;14;-;-;;VITORIA DA CONQUISTA;00:07:51;00:39:17;-
5K;MAS;84;263;ROSALVO SILVA CORREIA JUNIOR;M5059;13;-;-;;VITORIA DA CONQUISTA;00:07:52;00:39:19;-
5K;MAS;85;321;RONDINELLI LIMA;M3039;20;-;-;;VITORIA DA CONQUISTA;00:07:52;00:39:21;-
5K;MAS;86;192;ISAAC CARDOSO QUEIROZ;M2029;15;-;-;;VITORIA DA CONQUISTA;00:08:04;00:40:18;-
5K;MAS;87;46;LINDOMAR DE OLIVEIRA PRADO;M5059;14;-;-;;VITORIA DA CONQUISTA;00:08:12;00:41:00;-
5K;MAS;88;222;FABIO BARROS DA SILVA;M2029;16;-;-;;VITORIA DA CONQUISTA;00:08:12;00:41:01;-
5K;MAS;89;207;RUBENS VINICIUS FREITAS CARVALHO;M3039;21;-;-;FF TREINAMENTO ESPORTIVO;VITORIA DA CONQUISTA;00:08:13;00:41:04;-
5K;MAS;90;303;ITALO FILIPE CARDOSO AMORIM;M3039;22;-;-;;VITORIA DA CONQUISTA;00:08:18;00:41:31;-
5K;MAS;91;247;CLAYTON DE AGUIAR;M4049;19;-;-;;VITORIA DA CONQUISTA;00:08:19;00:41:33;-
5K;MAS;92;52;CLEISON BONFIM DIAS;M2029;17;-;-;CIDA SANTOS;VITORIA DA CONQUISTA;00:08:20;00:41:42;-
5K;MAS;93;248;PATRICK SILVA LIMA;M3039;23;-;-;;VITORIA DA CONQUISTA;00:08:22;00:41:48;-
5K;MAS;94;202;CAICK DA SILVA;M3039;24;-;-;;VITORIA DA CONQUISTA;00:08:24;00:42:00;-
5K;MAS;95;57;JOAO ANTONIO BATISTA COSTA;M2029;18;-;-;;VITORIA DA CONQUISTA;00:08:28;00:42:19;-
5K;MAS;96;172;ARTHUR LIMA MOREIRA;M1419;9;-;-;;VITORIA DA CONQUISTA;00:08:31;00:42:35;-
5K;MAS;97;216;VITOR ALMEIDA ANJOS;M3039;25;-;-;;VITORIA DA CONQUISTA;00:08:44;00:43:38;-
5K;MAS;98;219;JOAO GABRIEL ARAUJO PACHECO;M2029;19;-;-;;VITORIA DA CONQUISTA;00:08:51;00:44:15;-
5K;MAS;99;55;CAIQUE CRUZ SANTOS;M2029;20;-;-;;VITORIA DA CONQUISTA;00:08:57;00:44:43;-
5K;MAS;100;194;DEYVISON BRUNO MORAIS DE ABREU;M3039;26;-;-;;VITORIA DA CONQUISTA;00:09:00;00:45:01;-
5K;MAS;101;1144;LUCAS DIAS COSTA;M3039;27;-;-;;VITORIA DA CONQUISTA;00:09:01;00:45:05;-
5K;MAS;102;209;LUCAS DA SILVA SOUZA;M3039;28;-;-;;VITORIA DA CONQUISTA;00:09:04;00:45:19;-
5K;MAS;103;337;VALFRAN ALMEIDA;M6069;8;-;-;;VITORIA DA CONQUISTA;00:09:10;00:45:49;-
5K;MAS;104;317;DELVAIR SANTOS MATOS;M5059;15;-;-;;VITORIA DA CONQUISTA;00:09:11;00:45:56;-
5K;MAS;105;268;DANIEL REIS DE ALMEIDA;M2029;21;-;-;;VITORIA DA CONQUISTA;00:09:14;00:46:12;-
5K;MAS;106;269;ANTHONY SOARES REIS DE ALMEIDA;M1419;10;-;-;;VITORIA DA CONQUISTA;00:09:14;00:46:12;-
5K;MAS;107;292;FRANCISCO PEREIRA DE SOUZA FILHO;M6069;9;-;-;;VITORIA DA CONQUISTA;00:09:16;00:46:19;-
5K;MAS;108;297;FREI ARTUR OLIVEIRA PEREIRA;M2029;22;-;-;;JAGUAQUARA;00:09:21;00:46:46;-
5K;MAS;109;8;WASHINGTON LUIZ SANTOS PATENTE;M6069;10;-;-;;VITORIA DA CONQUISTA;00:09:26;00:47:09;-
5K;MAS;110;226;EDUARDO BRITO DE ANDRADE;M5059;16;-;-;BROCADORES DE TRILHAS;VITORIA DA CONQUISTA;00:09:31;00:47:35;-
5K;MAS;111;90;CARLOS HENRIQUE ANDRADE SOUSA;M2029;23;-;-;;VITORIA DA CONQUISTA;00:09:57;00:49:46;-
5K;MAS;112;18;LUIS CLAUDIO MATOS FERRAZ;M2029;24;-;-;;VITORIA DA CONQUISTA;00:10:02;00:50:10;-
5K;MAS;113;298;PEDRO RICARDO MACEDO;M1419;11;-;-;;VITORIA DA CONQUISTA;00:10:14;00:51:09;-
5K;MAS;114;99;OTAVIO DIAS OLIVEIRA;M1419;12;-;-;;VITORIA DA CONQUISTA;00:10:14;00:51:11;-
5K;MAS;115;349;CHARLES SILVA DE OLIVEIRA;M3039;29;-;-;COLEGIO PAULO VI;VITORIA DA CONQUISTA;00:10:14;00:51:12;-
5K;MAS;116;178;JONATHAN DAVID SANTOS MOREIRA;M2029;25;-;-;;VITORIA DA CONQUISTA;00:10:15;00:51:13;-
5K;MAS;117;241;JESULINO PEREIRA DA SILVA;M7099;1;-;-;;VITORIA DA CONQUISTA;00:10:25;00:52:07;-
5K;MAS;118;153;VICTOR EVANGELISTA OLIVEIRA SANTOS;M2029;26;-;-;;VITORIA DA CONQUISTA;00:10:35;00:52:56;-
5K;MAS;119;339;GUSTAVO SILVA TAVARES ALVES;M2029;27;-;-;;VITORIA DA CONQUISTA;00:10:45;00:53:47;-
5K;MAS;120;231;DANILO SANTANA TRINDADE;M3039;30;-;-;;VITORIA DA CONQUISTA;00:10:48;00:54:00;-
5K;MAS;121;255;MIKAEL SOARES;M2029;28;-;-;ASTER COLCHOES;VITORIA DA CONQUISTA;00:11:13;00:56:07;-
5K;MAS;122;252;GUSTAVO FARIA NASCIMENTO;M2029;29;-;-;ASTER COLCHOES;VITORIA DA CONQUISTA;00:11:13;00:56:07;-
5K;MAS;123;179;GUSTAVO SANTOS DE SOUSA;M2029;30;-;-;;VITORIA DA CONQUISTA;00:11:38;00:58:09;-
5K;MAS;124;1;GILDASIO LACERDA CAMPOS;M6069;11;-;-;;VITORIA DA CONQUISTA;00:12:14;01:01:09;-
5K;MAS;125;242;GLEIZER CAMPINHO DIAS PASSOS;M4049;20;-;-;;VITORIA DA CONQUISTA;00:12:14;01:01:10;-
5K;MAS;126;272;MATHEUS VIEIRA SOARES;M3039;31;-;-;;VITORIA DA CONQUISTA;00:12:48;01:03:59;-
5K;FEM;1;145;SONIA DE QUEIROZ SOUSA;-;-;-;-;SUSYRUAS;VITORIA DA CONQUISTA;00:05:30;00:27:30;-
5K;FEM;2;240;ANDREA SILVA NOVAES;-;-;-;-;ASSESSORIA PEFORMANCE;VITORIA DA CONQUISTA;00:05:39;00:28:17;-
5K;FEM;3;163;DANIELA GOMES DE SOUZA;-;-;-;-;;VITORIA DA CONQUISTA;00:05:47;00:28:57;-
5K;FEM;4;36;RAIANE ALVES BOTELHO;-;-;-;-;DIVAS RUN;PLANALTO;00:05:55;00:29:35;-
5K;FEM;5;53;TATIANA ALMEIDA BARRETO;-;-;-;-;;VITORIA DA CONQUISTA;00:05:58;00:29:52;-
5K;FEM;6;156;JULIANE SOARES;F3039;1;-;-;DIVAS RUN;PLANALTO;00:06:03;00:30:17;-
5K;FEM;7;23;ELIZANGELA SANTOS ALMEIDA;F4049;1;-;-;;VITORIA DA CONQUISTA;00:06:19;00:31:33;-
5K;FEM;8;159;JOSIMEIRE PORTO DE ALMEIDA;F4049;2;-;-;DIVAS RUN;PLANALTO;00:06:23;00:31:56;-
5K;FEM;9;221;JULIA RAMOS DE JESUS;F1419;1;-;-;;VITORIA DA CONQUISTA;00:06:23;00:31:56;-
5K;FEM;10;166;MILENA DIAS SANTOS;F2029;1;-;-;DIVAS RUN;PLANALTO;00:06:24;00:31:58;-
5K;FEM;11;37;BENYZA KARYNE DE OLIVEIRA SILVA;F4049;3;-;-;DIVAS RUN;PLANALTO;00:06:25;00:32:05;-
5K;FEM;12;71;ANA MARIA DE SOUSA E;F1419;2;-;-;;VITORIA DA CONQUISTA;00:06:26;00:32:10;-
5K;FEM;13;20;JOSELITA SILVA BRITO;F4049;4;-;-;BROCADORES DE TRILHA;VITORIA DA CONQUISTA;00:06:27;00:32:16;-
5K;FEM;14;70;VIVIANE SILVA SANTOS MALHEIROS;F4049;5;-;-;VIOLETAS QUE CORREM;GUANAMBI;00:06:30;00:32:30;-
5K;FEM;15;199;JESSICA MOREIRA XAVIER MENEZES;F3039;2;-;-;;VITORIA DA CONQUISTA;00:06:32;00:32:39;-
5K;FEM;16;278;NAIANGELA LOPES;F3039;3;-;-;;VITORIA DA CONQUISTA;00:06:32;00:32:40;-
5K;FEM;17;184;ARIANE DE SOUZA SILVA;F2029;2;-;-;;VITORIA DA CONQUISTA;00:06:32;00:32:40;-
5K;FEM;18;140;JULIA GABRIELY SOARES SANTOS;F1419;3;-;-;;VITORIA DA CONQUISTA;00:06:32;00:32:42;-
5K;FEM;19;143;AMANDA GUIMARAES LIMA;F4049;6;-;-;;VITORIA DA CONQUISTA;00:06:35;00:32:55;-
5K;FEM;20;61;KATIANE SAMPAIO TEIXEIRA;F3039;4;-;-;;VITORIA DA CONQUISTA;00:06:36;00:33:02;-
5K;FEM;21;113;NAYARA LACERDA SALLES;F4049;7;-;-;;VITORIA DA CONQUISTA;00:06:37;00:33:04;-
5K;FEM;22;334;DANIELLE PEREIRA LACERDA;F2029;3;-;-;;VITORIA DA CONQUISTA;00:06:37;00:33:06;-
5K;FEM;23;100;FABIANA DA SILVA FERREIRA LEITE;F4049;8;-;-;;VITORIA DA CONQUISTA;00:06:38;00:33:10;-
5K;FEM;24;30;EDIVANDA PEREIRA DOS SANTOS;F6069;1;-;-;;VITORIA DA CONQUISTA;00:06:41;00:33:24;-
5K;FEM;25;193;LAISE BORBA PEREIRA;F3039;5;-;-;DIVAS RUN;PLANALTO;00:06:44;00:33:42;-
5K;FEM;26;56;FERNANDA VIEIRA;F4049;9;-;-;;VITORIA DA CONQUISTA;00:06:49;00:34:04;-
5K;FEM;27;188;GESSI DAMASCENO SANTOS;F7099;1;-;-;;VITORIA DA CONQUISTA;00:06:54;00:34:29;-
5K;FEM;28;171;IARA DO PRADO FREIRE;F2029;4;-;-;;VITORIA DA CONQUISTA;00:06:59;00:34:57;-
5K;FEM;29;62;LUCIMAR SANTOS OLIVEIRA;F3039;6;-;-;;VITORIA DA CONQUISTA;00:07:07;00:35:37;-
5K;FEM;30;150;CRISLANE ALMEIDA OLIVEIRA;F3039;7;-;-;;VITORIA DA CONQUISTA;00:07:10;00:35:51;-
5K;FEM;31;118;MARIA ROBERTA SALGADO PRADO;F2029;5;-;-;;VITORIA DA CONQUISTA;00:07:15;00:36:15;-
5K;FEM;32;203;ANA CELIA DE JESUS SANTOS;F2029;6;-;-;TEAM MAURICIO HIBRIDO;VITORIA DA CONQUISTA;00:07:17;00:36:26;-
5K;FEM;33;79;HELLEN DIAS DE SOUSA;F3039;8;-;-;;VITORIA DA CONQUISTA;00:07:17;00:36:26;-
5K;FEM;34;151;BELIZIA SOARES GIL;F4049;10;-;-;;VITORIA DA CONQUISTA;00:07:22;00:36:50;-
5K;FEM;35;9;ALVANICE FERNANDES DE SOUZA;F4049;11;-;-;;VITORIA DA CONQUISTA;00:07:26;00:37:10;-
5K;FEM;36;136;POLLYANNA NOGUEIRA DE SOUZA OLIVEIRA;F4049;12;-;-;TEAM MAURICIO HIBRIDO;VITORIA DA CONQUISTA;00:07:26;00:37:12;-
5K;FEM;37;21;MARTHA JACQUELINE CAMPOS VILAS BOAS;F4049;13;-;-;FF TREINAMENTO ESPORTIVO;VITORIA DA CONQUISTA;00:07:32;00:37:40;-
5K;FEM;38;186;GABRIELA ALCANTARA SOUSA;F3039;9;-;-;;VITORIA DA CONQUISTA;00:07:33;00:37:46;-
5K;FEM;39;233;CLEIDE LINO;F4049;14;-;-;BROCADORES DE TRILHAS;VITORIA DA CONQUISTA;00:07:37;00:38:04;-
5K;FEM;40;7;NEUSA SANTOS PINTO;F5059;1;-;-;;VITORIA DA CONQUISTA;00:07:37;00:38:06;-
5K;FEM;41;51;ACACIA QUARESMA BRITO;F4049;15;-;-;;VITORIA DA CONQUISTA;00:07:43;00:38:34;-
5K;FEM;42;69;AMANDA BARBOSA ALVES;F3039;10;-;-;;VITORIA DA CONQUISTA;00:07:48;00:39:00;-
5K;FEM;43;284;JOANNE TEIXEIRA CAVALCANTE;F2029;7;-;-;;GUANAMBI;00:07:50;00:39:09;-
5K;FEM;44;116;JAYNE SOUSA SILVA;F2029;8;-;-;;VITORIA DA CONQUISTA;00:07:52;00:39:21;-
5K;FEM;45;185;KELLY COUTINHO;F4049;16;-;-;;VITORIA DA CONQUISTA;00:07:56;00:39:39;-
5K;FEM;46;68;ERICA MOREIRA PRATES;F3039;11;-;-;DS TRAINER;VITORIA DA CONQUISTA;00:07:57;00:39:45;-
5K;FEM;47;42;MARIZETE BARBOSA ALVES;F5059;2;-;-;;VITORIA DA CONQUISTA;00:08:01;00:40:07;-
5K;FEM;48;45;DJANIRA LACERDA PEREIRA;F5059;3;-;-;;VITORIA DA CONQUISTA;00:08:02;00:40:08;-
5K;FEM;49;270;SIMONE LACERDA SANTOS;F3039;12;-;-;;VITORIA DA CONQUISTA;00:08:05;00:40:23;-
5K;FEM;50;285;IARA DA CRUZ ANDRADE CHAVES;F3039;13;-;-;;VITORIA DA CONQUISTA;00:08:08;00:40:42;-
5K;FEM;51;133;ALANA DOS SANTOS AZEVEDO ALCANTARA;F3039;14;-;-;;VITORIA DA CONQUISTA;00:08:12;00:41:01;-
5K;FEM;52;182;LORENNA LEAL BOMFIM;F1419;4;-;-;;VITORIA DA CONQUISTA;00:08:12;00:41:01;-
5K;FEM;53;223;MARIA CLARA NASCIMENTO VIANA;F2029;9;-;-;;VITORIA DA CONQUISTA;00:08:12;00:41:02;-
5K;FEM;54;208;ELLEN LAPA CANGUCU CARVALHO;F3039;15;-;-;FF TREINAMENTO ESPORTIVO;VITORIA DA CONQUISTA;00:08:13;00:41:04;-
5K;FEM;55;131;EDUARDA NALILAN LEITE GOMES;F3039;16;-;-;;VITORIA DA CONQUISTA;00:08:15;00:41:17;-
5K;FEM;56;86;JESSICA RODRIGUES PIRES COELHO;F3039;17;-;-;;VITORIA DA CONQUISTA;00:08:16;00:41:20;-
5K;FEM;57;197;PATRICIA XAVIER SOARES;F3039;18;-;-;TEAM CANGUSSU;VITORIA DA CONQUISTA;00:08:16;00:41:21;-
5K;FEM;58;235;ARINA BELLECAI;F2029;10;-;-;;VITORIA DA CONQUISTA;00:08:16;00:41:21;-
5K;FEM;59;95;ALEXANDRA FERNANDES SILVA;F5059;4;-;-;;VITORIA DA CONQUISTA;00:08:19;00:41:35;-
5K;FEM;60;183;JAMILLE BORBA PEREIRA;F4049;17;-;-;DIVAS RUN;PLANALTO;00:08:20;00:41:38;-
5K;FEM;61;5;BETANIA DOS SANTOS PRATES;F4049;18;-;-;;VITORIA DA CONQUISTA;00:08:20;00:41:38;-
5K;FEM;62;25;SCHIRLEY ASSUNCAO SANTOS;F4049;19;-;-;;VITORIA DA CONQUISTA;00:08:21;00:41:43;-
5K;FEM;63;24;MAYNARA TRINDADE DA SILVA;F4049;20;-;-;;VITORIA DA CONQUISTA;00:08:21;00:41:47;-
5K;FEM;64;230;ELISANGELA TEIXEIRA DA SILVA BENTO;F3039;19;-;-;BROCADORES DE TRILHAS;VITORIA DA CONQUISTA;00:08:22;00:41:49;-
5K;FEM;65;154;DANIELA MARQUES COUTO;F4049;21;-;-;;VITORIA DA CONQUISTA;00:08:23;00:41:54;-
5K;FEM;66;15;CLAUDIA DA SILVA SANTOS;F2029;11;-;-;;VITORIA DA CONQUISTA;00:08:24;00:42:01;-
5K;FEM;67;210;RENATA ALCANTARA DE ALMEIDA;F3039;20;-;-;;VITORIA DA CONQUISTA;00:08:25;00:42:05;-
5K;FEM;68;307;ALESSANDRA PEREIRA MORAIS;F3039;21;-;-;;VITORIA DA CONQUISTA;00:08:25;00:42:06;-
5K;FEM;69;211;RAISA CAMINHA NOVAES MACEDO;F3039;22;-;-;;VITORIA DA CONQUISTA;00:08:28;00:42:20;-
5K;FEM;70;259;ANA PAULA AMORIM VIEIRA;F2029;12;-;-;;VITORIA DA CONQUISTA;00:08:29;00:42:23;-
5K;FEM;71;319;BRENDA FERRAZ ALVES;F3039;23;-;-;;VITORIA DA CONQUISTA;00:08:30;00:42:28;-
5K;FEM;72;331;LEILIANE NOVAES PRADO;F3039;24;-;-;;VITORIA DA CONQUISTA;00:08:32;00:42:40;-
5K;FEM;73;12;PAULA VIEIRA FERNANDES;F2029;13;-;-;;VITORIA DA CONQUISTA;00:08:33;00:42:46;-
5K;FEM;74;279;ALCIONE DA SILVA MORAIS BRITO;F4049;22;-;-;;BARRA DO CHOCA;00:08:33;00:42:47;-
5K;FEM;75;11;MARCIA MONE VIEIRA;F3039;25;-;-;;VITORIA DA CONQUISTA;00:08:33;00:42:47;-
5K;FEM;76;65;ELMA SANTANA DA SILVA;F5059;5;-;-;CLUB DA CORRIDA;VITORIA DA CONQUISTA;00:08:34;00:42:49;-
5K;FEM;77;120;ANA MARIA NUNES MARQUES;F3039;26;-;-;;VITORIA DA CONQUISTA;00:08:34;00:42:50;-
5K;FEM;78;121;TEREZA BRITO DA SILVA NETA;F2029;14;-;-;;VITORIA DA CONQUISTA;00:08:34;00:42:51;-
5K;FEM;79;196;MARIANA MOURA SILVA;F2029;15;-;-;BROCADORES DE TRILHAS;VITORIA DA CONQUISTA;00:08:34;00:42:52;-
5K;FEM;80;33;BRUNA FERNANDES OLIVEIRA;F3039;27;-;-;;VITORIA DA CONQUISTA;00:08:38;00:43:08;-
5K;FEM;81;181;JESSICA NAYARA DA SILVA PRADO;F2029;16;-;-;;VITORIA DA CONQUISTA;00:08:42;00:43:31;-
5K;FEM;82;215;JULIANA ALVES SANTOS ANJOS;F3039;28;-;-;;VITORIA DA CONQUISTA;00:08:44;00:43:39;-
5K;FEM;83;139;ULLY CRISTINE TINOCO FERRAZ;F3039;29;-;-;MUSAS IN MOVE;VITORIA DA CONQUISTA;00:08:44;00:43:42;-
5K;FEM;84;132;GIANE AMELIA AMORIM DO PRADO;F5059;6;-;-;;VITORIA DA CONQUISTA;00:08:44;00:43:42;-
5K;FEM;85;218;RAISSA SAMPAIO RIOS;F2029;17;-;-;;VITORIA DA CONQUISTA;00:08:51;00:44:16;-
5K;FEM;86;164;MICHELLE PEREIRA CANTIDIO;F2029;18;-;-;;VITORIA DA CONQUISTA;00:08:51;00:44:17;-
5K;FEM;87;246;IZABELA SANTOS SOUZA;F3039;30;-;-;;VITORIA DA CONQUISTA;00:08:54;00:44:28;-
5K;FEM;88;329;LARISSA ESTERFANNE CAVALCANTE CUNHA;F3039;31;-;-;;VITORIA DA CONQUISTA;00:08:54;00:44:31;-
5K;FEM;89;137;RAYANNE OLIVEIRA ROCHA;F3039;32;-;-;DANIEL SILVA TREINAMENTO ESPORTIVO;CANDIDO SALES;00:08:55;00:44:36;-
5K;FEM;90;125;CELENI DOS ANJOS SILVA;F5059;7;-;-;;VITORIA DA CONQUISTA;00:08:57;00:44:46;-
5K;FEM;91;336;ANA LUIZA OLIVEIRA SIMONASSI;F3039;33;-;-;;VITORIA DA CONQUISTA;00:08:58;00:44:50;-
5K;FEM;92;97;SABRINA CARVALHO;F2029;19;-;-;;VITORIA DA CONQUISTA;00:09:00;00:45:00;-
5K;FEM;93;280;WADNA FIGUEIREDO CUNHA;F4049;23;-;-;;VITORIA DA CONQUISTA;00:09:00;00:45:02;-
5K;FEM;94;212;MELNA DAFNE OLIVEIRA RODRIGUES;F2029;20;-;-;;VITORIA DA CONQUISTA;00:09:02;00:45:08;-
5K;FEM;95;217;ILMA GOMES DA SILVA CHAVES;F4049;24;-;-;;VITORIA DA CONQUISTA;00:09:02;00:45:09;-
5K;FEM;96;204;TINA ALVES;F5059;8;-;-;CLUB DA CORRIDA;VITORIA DA CONQUISTA;00:09:02;00:45:12;-
5K;FEM;97;191;ALESSANDRA NUNES SANTOS;F2029;21;-;-;;VITORIA DA CONQUISTA;00:09:04;00:45:21;-
5K;FEM;98;177;ANA MARIA AUTA DA SILVA;F4049;25;-;-;;VITORIA DA CONQUISTA;00:09:04;00:45:21;-
5K;FEM;99;38;IVONETE NUNES;F6069;2;-;-;;VITORIA DA CONQUISTA;00:09:06;00:45:28;-
5K;FEM;100;306;WAGNA SOARES SOUZA LIMA;F2029;22;-;-;;VITORIA DA CONQUISTA;00:09:06;00:45:31;-
5K;FEM;101;27;ISABEL CRISTINA PEREIRA SANTOS;F4049;26;-;-;BROCADORES DE TRILHA;VITORIA DA CONQUISTA;00:09:07;00:45:35;-
5K;FEM;102;82;MILENA LOPES VIEIRA;F2029;23;-;-;;VITORIA DA CONQUISTA;00:09:07;00:45:36;-
5K;FEM;103;353;TEREZINHA DOS SANTOS PRATES;F6069;3;-;-;;VITORIA DA CONQUISTA;00:09:09;00:45:45;-
5K;FEM;104;19;MARINALVA ROCHA DE CARVALHO;F7099;2;-;-;;VITORIA DA CONQUISTA;00:09:09;00:45:47;-
5K;FEM;105;161;PALOMA LEITE GOMES;F2029;24;-;-;;VITORIA DA CONQUISTA;00:09:10;00:45:51;-
5K;FEM;106;119;ELISABETE SOUSA JARDIM ABREU;F5059;9;-;-;CORISCO;VITORIA DA CONQUISTA;00:09:15;00:46:16;-
5K;FEM;107;301;SORAIA CRISTINE CARDOSO AMORIM;F6069;4;-;-;;VITORIA DA CONQUISTA;00:09:16;00:46:22;-
5K;FEM;108;354;STHEFANE CARDOSO AMORIM;F2029;25;-;-;;VITORIA DA CONQUISTA;00:09:18;00:46:30;-
5K;FEM;109;78;DAIANE BRITO RIBEIRO;F2029;26;-;-;;VITORIA DA CONQUISTA;00:09:18;00:46:31;-
5K;FEM;110;291;VERONICA DE AMORIM LIMA;F5059;10;-;-;;VITORIA DA CONQUISTA;00:09:19;00:46:36;-
5K;FEM;111;343;VERONIA LIMA MARQUES;F5059;11;-;-;;VITORIA DA CONQUISTA;00:09:19;00:46:37;-
5K;FEM;112;318;TATIANA ROCHA DO AMARAL PEREIRA;F4049;27;-;-;;VITORIA DA CONQUISTA;00:09:20;00:46:38;-
5K;FEM;113;305;ELIENE ROCHA DO AMARAL;F5059;12;-;-;;VITORIA DA CONQUISTA;00:09:20;00:46:38;-
5K;FEM;114;155;BRENA SANTOS GARCIA;F2029;27;-;-;;VITORIA DA CONQUISTA;00:09:20;00:46:42;-
5K;FEM;115;302;MAYARA PEREIRA CANTIDIO;F2029;28;-;-;;VITORIA DA CONQUISTA;00:09:24;00:46:58;-
5K;FEM;116;205;MARIANA VIANA BRAGA;F3039;34;-;-;;VITORIA DA CONQUISTA;00:09:24;00:47:01;-
5K;FEM;117;158;HELOISA SILVA PEREIRA;F6069;5;-;-;;VITORIA DA CONQUISTA;00:09:25;00:47:06;-
5K;FEM;118;314;TIARA BRITO;F3039;35;-;-;;VITORIA DA CONQUISTA;00:09:26;00:47:09;-
5K;FEM;119;169;ANA CLARA SANTOS SILVA DIAS;F1419;5;-;-;;VITORIA DA CONQUISTA;00:09:29;00:47:23;-
5K;FEM;120;338;EMILLY GUSMAO SANTOS;F2029;29;-;-;;VITORIA DA CONQUISTA;00:09:29;00:47:24;-
5K;FEM;121;264;ANA CLARA OLIVEIRA COSTA;F2029;30;-;-;RUN MORE;VITORIA DA CONQUISTA;00:09:29;00:47:24;-
5K;FEM;122;261;GABRIELA VIEGAS RAMOS JARDIM;F2029;31;-;-;;VITORIA DA CONQUISTA;00:09:30;00:47:28;-
5K;FEM;123;112;CAROLINA PEREIRA SANTOS;F2029;32;-;-;BROCADORES DE TRILHA;VITORIA DA CONQUISTA;00:09:31;00:47:36;-
5K;FEM;124;160;DARLI PORTUGAL SANTOS;F4049;28;-;-;;VITORIA DA CONQUISTA;00:09:34;00:47:49;-
5K;FEM;125;76;FATIMA KEILA SILVA SANTOS SILVA;F4049;29;-;-;SO CORRE CLUB;VITORIA DA CONQUISTA;00:09:34;00:47:50;-
5K;FEM;126;66;SILVIA CHAGAS RIBEIRO;F3039;36;-;-;;VITORIA DA CONQUISTA;00:09:34;00:47:51;-
5K;FEM;127;130;AMANDA FARIAS NOVAES CARVALHO;F3039;37;-;-;;VITORIA DA CONQUISTA;00:09:36;00:47:58;-
5K;FEM;128;60;TAINA CAJAZEIRA SANTOS;F3039;38;-;-;;VITORIA DA CONQUISTA;00:09:36;00:48:02;-
5K;FEM;129;344;KARINA DE SOUZA BORGES;F4049;30;-;-;;VITORIA DA CONQUISTA;00:09:42;00:48:29;-
5K;FEM;130;265;ELIZABETE MARIA DAS VIRGENS A. ROCHA;F6069;6;-;-;;VITORIA DA CONQUISTA;00:09:43;00:48:35;-
5K;FEM;131;10;ANA LUISA TEIXEIRA DE SOUZA;F3039;39;-;-;;VITORIA DA CONQUISTA;00:09:43;00:48:37;-
5K;FEM;132;189;GEISIANE SANTOS SOUZA;F2029;33;-;-;;VITORIA DA CONQUISTA;00:09:45;00:48:47;-
5K;FEM;133;190;NATHALIA GONCALVES DANTAS;F2029;34;-;-;;VITORIA DA CONQUISTA;00:09:46;00:48:49;-
5K;FEM;134;72;DARTICLEA SILVA SANTOS;F5059;13;-;-;;VITORIA DA CONQUISTA;00:09:56;00:49:40;-
5K;FEM;135;245;LUANA SILVA ROCHA;F3039;40;-;-;;VITORIA DA CONQUISTA;00:09:57;00:49:44;-
5K;FEM;136;89;JESSICA ALMEIDA SILVA;F2029;35;-;-;;VITORIA DA CONQUISTA;00:09:57;00:49:45;-
5K;FEM;137;47;MARIA APARECIDA RORIGUES MACEDO;F6069;7;-;-;CORRIDA DAS MENINAS;VITORIA DA CONQUISTA;00:09:59;00:49:54;-
5K;FEM;138;43;TAINARA DOS SANTOS SOUSA;F3039;41;-;-;;VITORIA DA CONQUISTA;00:09:59;00:49:57;-
5K;FEM;139;44;DINALVA SENHORINHA DOS SANTOS SOUSA;F5059;14;-;-;;VITORIA DA CONQUISTA;00:10:00;00:49:58;-
5K;FEM;140;77;ARIANA PEREIRA SANTOS;F4049;31;-;-;;VITORIA DA CONQUISTA;00:10:00;00:49:59;-
5K;FEM;141;323;NUBIA TEIXEIRA LIBARINO;F3039;42;-;-;;VITORIA DA CONQUISTA;00:10:05;00:50:25;-
5K;FEM;142;165;ISABELLA VITORIA CARDOSO SANTOS;F1419;6;-;-;;VITORIA DA CONQUISTA;00:10:06;00:50:30;-
5K;FEM;143;322;JUSCENIA DE OLIVEIRA MOITINHO;F3039;43;-;-;;VITORIA DA CONQUISTA;00:10:09;00:50:45;-
5K;FEM;144;29;CAROLINE SOARES MONTEIRO QUEIROZ;F4049;32;-;-;;VITORIA DA CONQUISTA;00:10:09;00:50:45;-
5K;FEM;145;85;JANAINA GOMES BRAGA;F3039;44;-;-;;VITORIA DA CONQUISTA;00:10:12;00:51:00;-
5K;FEM;146;114;ANA LUCIA FERREIRA SILVA;F5059;15;-;-;CORISCO;VITORIA DA CONQUISTA;00:10:14;00:51:12;-
5K;FEM;147;180;RAISSA TEIXEIRA BRAGA;F2029;36;-;-;;VITORIA DA CONQUISTA;00:10:16;00:51:19;-
5K;FEM;148;93;DARA VIANA LIMA;F2029;37;-;-;;VITORIA DA CONQUISTA;00:10:17;00:51:23;-
5K;FEM;149;237;ONIELE CALAIS DE OLIVEIRA;F2029;38;-;-;;VITORIA DA CONQUISTA;00:10:17;00:51:24;-
5K;FEM;150;304;ALINE CALAIS DE OLIVEIRA;F2029;39;-;-;;VITORIA DA CONQUISTA;00:10:17;00:51:24;-
5K;FEM;151;149;ELIANA DOS SANTOS DIAS;F5059;16;-;-;;VITORIA DA CONQUISTA;00:10:18;00:51:32;-
5K;FEM;152;22;ELMA DA SILVA CARVALHO;F5059;17;-;-;BROCADORES DE TRILHA;VITORIA DA CONQUISTA;00:10:23;00:51:56;-
5K;FEM;153;320;FABIANA SILVA DE OLIVEIRA DONATO;F3039;45;-;-;;VITORIA DA CONQUISTA;00:10:24;00:52:01;-
5K;FEM;154;141;TAMIRES SANTOS BRITO;F3039;46;-;-;;VITORIA DA CONQUISTA;00:10:28;00:52:18;-
5K;FEM;155;59;MARIA DE FATIMA RODRIGUES DA SILVA;F6069;8;-;-;;VITORIA DA CONQUISTA;00:10:30;00:52:29;-
5K;FEM;156;152;DANIELLE AVELAR SOARES;F4049;33;-;-;;VITORIA DA CONQUISTA;00:10:30;00:52:31;-
5K;FEM;157;16;GABRIELA FERRAZ ROCHA TEIXEIRA;F3039;47;-;-;FORCA VITAL;VITORIA DA CONQUISTA;00:10:30;00:52:31;-
5K;FEM;158;4;NICEIA MARIA DE FIGUEIREDO SOUZA MELO;F6069;9;-;-;;VITORIA DA CONQUISTA;00:10:35;00:52:56;-
5K;FEM;159;341;CAMILA DIAS SANTOS;F2029;40;-;-;;VITORIA DA CONQUISTA;00:10:45;00:53:47;-
5K;FEM;160;328;NAYANA SILVA DE OLIVEIRA;F3039;48;-;-;;VITORIA DA CONQUISTA;00:10:46;00:53:49;-
5K;FEM;161;232;LUANA LACERDA FERREIRA;F3039;49;-;-;;VITORIA DA CONQUISTA;00:10:48;00:54:00;-
5K;FEM;162;253;SUELLEN SOUSA AVELINO;F3039;50;-;-;;VITORIA DA CONQUISTA;00:10:51;00:54:16;-
5K;FEM;163;3;MARILANDE BATISTA;F6069;10;-;-;;VITORIA DA CONQUISTA;00:10:54;00:54:30;-
5K;FEM;164;34;MARILIA NASCIMENTO RODRIGUES;F5059;18;-;-;BROCADORES DE TRILHA;VITORIA DA CONQUISTA;00:11:02;00:55:08;-
5K;FEM;165;315;IVANETE MARIA NOGUEIRA;F5059;19;-;-;;VITORIA DA CONQUISTA;00:11:09;00:55:45;-
5K;FEM;166;239;VANESSA OLIVEIRA LACERDA SILVA;F3039;51;-;-;;VITORIA DA CONQUISTA;00:11:09;00:55:47;-
5K;FEM;167;174;IAN LIMA E SILVA;F4049;34;-;-;;VITORIA DA CONQUISTA;00:11:12;00:55:58;-
5K;FEM;168;201;GRAZIELE SANTOS CARDOSO;F4049;35;-;-;;VITORIA DA CONQUISTA;00:11:13;00:56:07;-
5K;FEM;169;41;ELIZANGELA BARRETO;F4049;36;-;-;;VITORIA DA CONQUISTA;00:11:15;00:56:16;-
5K;FEM;170;142;AMANDA TEIXEIRA SILVA;F3039;52;-;-;;VITORIA DA CONQUISTA;00:11:20;00:56:38;-
5K;FEM;171;276;EMMILY MARIA NOVAIS RODRIGUES;F2029;41;-;-;;VITORIA DA CONQUISTA;00:11:28;00:57:19;-
5K;FEM;172;262;MARILIA LIMA E SILVA NOVAIS;F2029;42;-;-;;VITORIA DA CONQUISTA;00:11:39;00:58:17;-
5K;FEM;173;293;ALIANDRA GUIMARAES DE ALMEIDA;F5059;20;-;-;COLEGIO PAULO VI;VITORIA DA CONQUISTA;00:11:45;00:58:43;-
5K;FEM;174;157;NILZETE MARIA ANDRADE;F6069;11;-;-;;VITORIA DA CONQUISTA;00:11:47;00:58:55;-
5K;FEM;175;58;DENIZE B S FREITAS;F5059;21;-;-;;VITORIA DA CONQUISTA;00:11:47;00:58:56;-
5K;FEM;176;330;LARA VITORIA DUARTE SOARES;F1419;7;-;-;;VITORIA DA CONQUISTA;00:11:48;00:58:59;-
5K;FEM;177;300;PATRICIA BRITO DE QUEIROZ RODRIGUES;F4049;37;-;-;;VITORIA DA CONQUISTA;00:11:51;00:59:15;-
5K;FEM;178;289;LUCICLEIDE ROCHA DE ALMEIDA;F6069;12;-;-;;VITORIA DA CONQUISTA;00:11:52;00:59:18;-
5K;FEM;179;267;FLAVIA SILVA FLORES;F4049;38;-;-;;VITORIA DA CONQUISTA;00:12:15;01:01:13;-
5K;FEM;180;273;ANA CLAUDIA PEREIRA SAMPAIO;F2029;43;-;-;;VITORIA DA CONQUISTA;00:12:49;01:04:07;-
5K;FEM;181;1183;MARIA VITORIA ALMEIDA SANTOS PRADO;F2029;44;-;-;;VITORIA DA CONQUISTA;00:12:52;01:04:19;-
5K;FEM;182;290;ANA CLAUDIA DE ALMEIDA MIRANDA;F4049;39;-;-;;VITORIA DA CONQUISTA;00:13:10;01:05:49;-
5K;FEM;183;266;TATILENE BRITO DE QUEIROZ;F3039;53;-;-;;VITORIA DA CONQUISTA;00:13:13;01:06:05;-
5K;FEM;184;26;ALENI PEREIRA COSTA;F5059;22;-;-;;VITORIA DA CONQUISTA;00:16:42;01:23:31;-
5K;FEM;185;294;ANA CAROLINE ROCHA FERNANDES;F3039;54;-;-;;VITORIA DA CONQUISTA;00:19:58;01:39:49;-
10K;MAS;1;1014;JOSIEL SANTOS ALMEIDA;-;-;-;-;;VITORIA DA CONQUISTA;00:04:25;00:44:12;-
10K;MAS;2;1038;TAFAREL PEDRA;-;-;-;-;;ITARANTIM;00:04:33;00:45:30;-
10K;MAS;3;1017;GILMAR ALVES;-;-;-;-;;VITORIA DA CONQUISTA;00:04:34;00:45:39;-
10K;MAS;4;1070;RAFAEL VIEIRA;-;-;-;-;;VITORIA DA CONQUISTA;00:04:41;00:46:51;-
10K;MAS;5;1028;ANTONIO ALMEIDA BARBOSA;-;-;-;-;;VITORIA DA CONQUISTA;00:04:49;00:48:09;-
10K;MAS;6;1047;SILVANO ALMEIDA BARBOSA;M4049;1;-;-;;VITORIA DA CONQUISTA;00:04:56;00:49:18;-
10K;MAS;7;1039;PATRICK RAYAN GERINO TEIXEIRA;M3039;1;-;-;FF TREINAMENTO ESPORTIVO;VITORIA DA CONQUISTA;00:04:57;00:49:33;-
10K;MAS;8;1069;RENATO GOMES ARAUJO JUNIOR;M4049;2;-;-;;VITORIA DA CONQUISTA;00:04:58;00:49:44;-
10K;MAS;9;1042;CAIQUE VIEIRA DOS SANTOS;M3039;2;-;-;SUZY RUAS;ANAGE;00:04:59;00:49:53;-
10K;MAS;10;1019;JOSE VICTO MOUTINHO REZENDE;M1829;1;-;-;ATIVA FITNESS;VITORIA DA CONQUISTA;00:05:00;00:49:57;-
10K;MAS;11;1011;MARIVALDO LOBATO DA SILVA;M4049;3;-;-;;VITORIA DA CONQUISTA;00:05:01;00:50:11;-
10K;MAS;12;1049;CELIO GOMES SANTOS;M4049;4;-;-;REPRESENTANTE DA IDEAL REPARADORA;VITORIA DA CONQUISTA;00:05:03;00:50:32;-
10K;MAS;13;1046;JOSE VALDIR;M6069;1;-;-;;VITORIA DA CONQUISTA;00:05:07;00:51:12;-
10K;MAS;14;1008;JOCTAN MORENO VIANA;M3039;3;-;-;;VITORIA DA CONQUISTA;00:05:11;00:51:52;-
10K;MAS;15;1024;JAKSON OLIVEIRA CANGUSSU;M3039;4;-;-;;VITORIA DA CONQUISTA;00:05:14;00:52:19;-
10K;MAS;16;1033;ROBSON SOARES DOS SANTOS;M3039;5;-;-;;VITORIA DA CONQUISTA;00:05:21;00:53:27;-
10K;MAS;17;1040;MAURILIO BARBOSA COSTA;M5059;1;-;-;;VITORIA DA CONQUISTA;00:05:22;00:53:36;-
10K;MAS;18;1045;MARCO TULIO ATAIDE LIMA;M1829;2;-;-;FF TREINAMENTO ESPORTIVO;VITORIA DA CONQUISTA;00:05:26;00:54:23;-
10K;MAS;19;1050;LEANDRO MACIEL BRITO;M4049;5;-;-;;VITORIA DA CONQUISTA;00:05:30;00:55:00;-
10K;MAS;20;1062;LEANDRO DAMACENO;M4049;6;-;-;BROCADORES DE TRILHAS;VITORIA DA CONQUISTA;00:05:32;00:55:18;-
10K;MAS;21;1005;VAL OLIVEIRA;M3039;6;-;-;;VITORIA DA CONQUISTA;00:05:37;00:56:07;-
10K;MAS;22;1023;FABIO RIBEIRO DA SILVA;M4049;7;-;-;;VITORIA DA CONQUISTA;00:05:50;00:58:16;-
10K;MAS;23;1072;JOSE LUIS BARBOSA SILVA;M4049;8;-;-;;VITORIA DA CONQUISTA;00:05:50;00:58:24;-
10K;MAS;24;1056;DHIEGO LEANDRO BASTOS;M4049;9;-;-;;VITORIA DA CONQUISTA;00:05:57;00:59:27;-
10K;MAS;25;1022;LUIZ GUSTAVO VIEIRA CARDOSO;M4049;10;-;-;;VITORIA DA CONQUISTA;00:06:03;01:00:27;-
10K;MAS;26;1076;HANDERSON MENEZES SANTOS;M4049;11;-;-;;VITORIA DA CONQUISTA;00:06:04;01:00:45;-
10K;MAS;27;1001;FREDSON SILVA CAIRES;M4049;12;-;-;;VITORIA DA CONQUISTA;00:06:08;01:01:16;-
10K;MAS;28;1106;FARLEY BRANDAO SANTOS;M4049;13;-;-;ESQUADRAO FALCAO;VITORIA DA CONQUISTA;00:06:08;01:01:23;-
10K;MAS;29;1052;VALDO DE JESUS;M3039;7;-;-;;VITORIA DA CONQUISTA;00:06:08;01:01:25;-
10K;MAS;30;1030;HALAN GUSTAVO DE MELO;M4049;14;-;-;;VITORIA DA CONQUISTA;00:06:08;01:01:25;-
10K;MAS;31;1053;UANDERSON VIANA OLIVEIRA SANTOS;M4049;15;-;-;TEAM ANDRADE;VITORIA DA CONQUISTA;00:06:09;01:01:26;-
10K;MAS;32;1164;SIDNEY SOARERS SILVA;M4049;16;-;-;;VITORIA DA CONQUISTA;00:06:13;01:02:14;-
10K;MAS;33;1051;JESUINO DE SOUZA RIBEIRO;M6069;2;-;-;;VITORIA DA CONQUISTA;00:06:13;01:02:14;-
10K;MAS;34;1055;LUCIANO DOS SANTOS REIS;M5059;2;-;-;;VITORIA DA CONQUISTA;00:06:15;01:02:27;-
10K;MAS;35;1027;IVONALDO ARGOLO DA SILVA;M6069;3;-;-;CORISCO;BELO CAMPO;00:06:22;01:03:41;-
10K;MAS;36;1065;ALVARO JOSE CHELES LIMA;M3039;8;-;-;;VITORIA DA CONQUISTA;00:06:22;01:03:42;-
10K;MAS;37;1061;BRUNO JOSE FONSECA DE OLIVEIRA;M3039;9;-;-;;VITORIA DA CONQUISTA;00:06:22;01:03:44;-
10K;MAS;38;1020;LUCAS DIAS BRITO INFANTE;M1829;3;-;-;;VITORIA DA CONQUISTA;00:06:26;01:04:15;-
10K;MAS;39;1071;JOAO VICTOR RIBEIRO MACIEL;M3039;10;-;-;X-TREME FIGHT;VITORIA DA CONQUISTA;00:06:26;01:04:23;-
10K;MAS;40;1101;HENRIQUE SILVA CERQUEIRA;M3039;11;-;-;ESQUADRAO FALCAO;VITORIA DA CONQUISTA;00:06:27;01:04:34;-
10K;MAS;41;1115;RAFAEL OLIVEIRA COUTINHO SILVA;M1829;4;-;-;;VITORIA DA CONQUISTA;00:06:28;01:04:35;-
10K;MAS;42;1064;JAIMILTON SILVA DE OLIVEIRA;M1829;5;-;-;;VITORIA DA CONQUISTA;00:06:43;01:07:12;-
10K;MAS;43;1031;HELIO GOMES DE SOUSA;M3039;12;-;-;;VITORIA DA CONQUISTA;00:06:46;01:07:45;-
10K;MAS;44;1063;ALEXSANDRO PEREIRA MORAIS;M3039;13;-;-;;VITORIA DA CONQUISTA;00:06:48;01:08:02;-
10K;MAS;45;1149;DANIEL ROCHA PAIVA;M3039;14;-;-;ESQUADRAO FALCAO;VITORIA DA CONQUISTA;00:06:55;01:09:14;-
10K;MAS;46;1003;JARLAN SANTANA FERNANDES DOS SANTOS;M4049;17;-;-;;VITORIA DA CONQUISTA;00:06:56;01:09:15;-
10K;MAS;47;1154;EDSON ALVES;M5059;3;-;-;FF TREINAMENTO ESPORTIVO;VITORIA DA CONQUISTA;00:07:00;01:10:01;-
10K;MAS;48;1035;JONATAS CRUZ SANTOS;M3039;15;-;-;;VITORIA DA CONQUISTA;00:07:04;01:10:39;-
10K;MAS;49;1094;FILIPE SILVA CABRAL;M1829;6;-;-;;VITORIA DA CONQUISTA;00:07:05;01:10:51;-
10K;MAS;50;1124;WANDERSON DA SILVA DIAS;M3039;16;-;-;DS TRAINER;VITORIA DA CONQUISTA;00:07:10;01:11:41;-
10K;MAS;51;1044;TIAGO BALDUINO LIBARINO;M3039;17;-;-;SUZY RUAS;VITORIA DA CONQUISTA;00:07:16;01:12:40;-
10K;MAS;52;1036;FELIPE RODRIGUES KHOURI;M4049;18;-;-;;VITORIA DA CONQUISTA;00:07:19;01:13:12;-
10K;MAS;53;1057;NELCIDES SOUZA NETO;M3039;18;-;-;BROCADORES DE TRILHAS;VITORIA DA CONQUISTA;00:07:22;01:13:41;-
10K;MAS;54;1067;ANDRESSON ALMEIDA LIMA MELO;M5059;4;-;-;;VITORIA DA CONQUISTA;00:07:28;01:14:36;-
10K;MAS;55;1129;JOSE BOMFIM;M7099;1;-;-;;VITORIA DA CONQUISTA;00:07:36;01:15:57;-
10K;MAS;56;1032;ANTONIO ALVES DIAS;M6069;4;-;-;;VITORIA DA CONQUISTA;00:07:42;01:17:01;-
10K;MAS;57;295;VAGNER MACEDO DE SOUZA;M3039;19;-;-;;VITORIA DA CONQUISTA;00:09:59;01:39:48;-
10K;FEM;1;1009;NATALIA SANTOS PEREIRA;-;-;-;-;RACES;VITORIA DA CONQUISTA;00:05:02;00:50:22;-
10K;FEM;2;1041;TAISE MARINHO SANTOS RAMOS;-;-;-;-;SUZY RUAS;VITORIA DA CONQUISTA;00:05:27;00:54:34;-
10K;FEM;3;1026;KEILA SANTIER ALVES RODRIGUES COQUEIRO;-;-;-;-;ITARANTIM RUN;ITARANTIM;00:05:56;00:59:20;-
10K;FEM;4;1043;BRENDA BASTOS;-;-;-;-;DS TRAINER;VITORIA DA CONQUISTA;00:05:58;00:59:45;-
10K;FEM;5;1029;MARIA DELMA BRITO PEREIRA;-;-;-;-;SABIA RUN;BELO CAMPO;00:06:25;01:04:07;-
10K;FEM;6;1054;ANA ESTEFANI MELO;F1829;1;-;-;;VITORIA DA CONQUISTA;00:06:26;01:04:18;-
10K;FEM;7;1034;POLIANA SOUZA SANTOS CAMPOS;F3039;1;-;-;DS TRAINER;PLANALTO;00:06:36;01:06:02;-
10K;FEM;8;1179;VERA LUCIA ARAUJO DE OLIVEIRA;F5059;1;-;-;;VITORIA DA CONQUISTA;00:06:50;01:08:17;-
10K;FEM;9;1060;MARINA SOARES TANURE;F3039;2;-;-;;MEDINA;00:07:01;01:10:13;-
10K;FEM;10;1018;KHICE DIANE ROCHA OLIVEIRA;F3039;3;-;-;;VITORIA DA CONQUISTA;00:07:07;01:11:09;-
10K;FEM;11;1066;LUANA COTRIM SANTOS;F4049;1;-;-;DS TRAINER;VITORIA DA CONQUISTA;00:07:10;01:11:40;-
10K;FEM;12;1058;RENATA SOUZA OLIVEIRA SANTOS;F5059;2;-;-;BROCADORES DE TRILHAS;VITORIA DA CONQUISTA;00:07:51;01:18:27;-
10K;FEM;13;1010;CAROLAINE PEREIRA SANTOS;F1829;2;-;-;BROCADORES DE TRILHA;VITORIA DA CONQUISTA;00:07:55;01:19:13;-
10K;FEM;14;1021;ANA BEATRIZ DOS SANTOS VIEIRA NOVAES INFANTE;F1829;3;-;-;;VITORIA DA CONQUISTA;00:08:01;01:20:07;-
10K;FEM;15;1012;LARISSA MARQUES;F3039;4;-;-;;VITORIA DA CONQUISTA;00:08:17;01:22:47;-
10K;FEM;16;1025;JULIA RODRIGUES DOS SANTOS;F1829;4;-;-;BROCADORES DE TRILHA;VITORIA DA CONQUISTA;00:08:20;01:23:22;-
10K;FEM;17;1013;KARINA FLORENCIO PINTO;F4049;2;-;-;CORRIDA DAS MENINAS;VITORIA DA CONQUISTA;00:08:58;01:29:39;-
10K;FEM;18;1002;MESOLAN DE OLIVEIRA CABRAL ECKER;F6069;1;-;-;;VITORIA DA CONQUISTA;00:08:58;01:29:39;-
5K;MAS;1;106;CLAUDEMIR DA COSTA MACIEL;-;-;PCDv;1;;VITORIA DA CONQUISTA;00:06:22;00:31:52;-
5K;MAS;2;107;EDICLEY MOTA DE CASTRO;-;-;PCDv;2;;VITORIA DA CONQUISTA;00:06:32;00:32:38;-
5K;MAS;3;108;VALDELICIO SANTOS PINHEIRO;-;-;PCDv;3;;VITORIA DA CONQUISTA;00:07:35;00:37:55;-
5K;MAS;4;104;HELENO ALVES DOS SANTOS JUNIOR;-;-;PCDv;4;;VITORIA DA CONQUISTA;00:07:59;00:39:57;-
5K;MAS;5;122;JOILSON DE SOUSA BASTOS;-;-;PCDv;5;;VITORIA DA CONQUISTA;00:08:48;00:44:01;-
5K;MAS;6;123;THIAGO MOREIRA SANTOS;-;-;PCDv;6;;VITORIA DA CONQUISTA;00:09:37;00:48:05;-
5K;FEM;1;105;LUCIMAR FRANCO MACIEL;-;-;PCDv;1;;VITORIA DA CONQUISTA;00:08:45;00:43:43;-
5K;FEM;2;249;JOICE DA SILVA MORAIS;-;-;PCDv;2;;BARRA DO CHOCA;00:09:09;00:45:45;-
